Buurt,Totaal aantal Vastgoedobjecten,Totaal aantal Vastgoedobjecten Elektra,Totaal aantal Vastgoedobjecten Gas,Totaal CO2 uitstoot (kg),Totaal verbruik Elektra (kWh),Totaal verbruik Gas (m3),Aantal Vastgoedobjecten Particulier,Aantal Vastgoedobjecten Elektra Particulier,Aantal Vastgoedobjecten Gas Particulier,CO2 uitstoot Particulier (kg),Verbruik Elektra Particulier (kWh),Verbruik Gas Particulier (m3),Gemiddelde CO2 uitstoot Particulier (kg),Gemiddelde verbruik Elektra Particulier (kWh),Gemiddelde verbruik Gas Particulier (m3),Aantal Vastgoedobjecten Zakelijk,Aantal Vastgoedobjecten Elektra Zakelijk,Aantal Vastgoedobjecten Gas Zakelijk,CO2 uitstoot Zakelijk (kg),Verbruik Elektra Zakelijk (kWh),Verbruik Gas Zakelijk (m3),Gemiddelde CO2 uitstoot Zakelijk (kg),Gemiddelde verbruik Elektra Zakelijk (kWh),Gemiddelde verbruik Gas Zakelijk (m3),Aantal Vastgoedobjecten Opwek Zonne-energie KV,Opwek Zonne-energie KV (kWh),Aantal Vastgoedobjecten Opwek Overig,Opwek Overig (kWh)
Archipelbuurt,3785,3738,3438,33663667,31805653,8369849,2523,2500,2317,10318699,6887365,3514131,4090,2755,1517,1262,1238,1121,23344968,24918288,4855718,18498,20128,4332,13,"6622,35",0,Geen Data
Arendsdorp,584,577,509,15310304,13747479,4044546,364,363,312,2336677,1375789,856720,6419,3790,2746,220,214,197,12973627,12371690,3187826,58971,57812,16182,3,Afgeschermd,0,Geen Data
Belgisch Park,4262,4228,4018,44450325,44901651,10088961,2897,2880,2827,13398707,8681577,4649762,4625,3014,1645,1365,1348,1191,31051618,36220074,5439199,22748,26869,4567,25,"16091,35",1,Afgeschermd
Bezuidenhout-Midden,2345,2319,1939,62376928,91822862,4607550,1562,1552,1345,6191206,4287038,2057221,3964,2762,1530,783,767,594,56185722,87535824,2550329,71757,114128,4293,21,15963,0,Geen Data
Bezuidenhout-Oost,5359,5322,5133,26790019,20268590,8332332,3871,3847,3798,14911539,8600284,5526613,3852,2236,1455,1488,1475,1335,11878480,11668306,2805719,7983,7911,2102,19,15861,0,Geen Data
Bezuidenhout-West,1502,1497,1208,44400108,44454622,10208922,1199,1196,1011,3225475,2888344,854692,2690,2415,845,303,301,197,41174633,41566278,9354230,135890,138094,47483,0,Geen Data,1,Afgeschermd
Binckhorst,443,410,331,59027601,85591311,4791420,164,155,144,610271,473959,185750,3721,3058,1290,279,255,187,58417330,85117352,4605670,209381,333794,24629,1,Afgeschermd,0,Geen Data
Bloemenbuurt-Oost,3606,3589,3269,21667207,14474918,7374722,2580,2568,2421,10053872,6619230,3454228,3897,2578,1427,1026,1021,848,11613335,7855688,3920494,11319,7694,4623,6,"7403,5",1,Afgeschermd
Bloemenbuurt-West,1167,1157,1038,6808389,4829013,2224310,815,811,748,3276575,2244093,1096944,4020,2767,1467,352,346,290,3531814,2584920,1127366,10034,7471,3887,25,"23812,75",0,Geen Data
Bohemen en Meer en Bos,2921,2906,2532,13809288,9317383,4669681,2200,2193,2018,7365887,5014018,2476189,3348,2286,1227,721,713,514,6443401,4303365,2193492,8937,6036,4267,26,"9887,2",0,Geen Data
Bomenbuurt,3373,3353,3050,19851733,15692522,5951205,2212,2204,2098,8922081,5889939,3060122,4033,2672,1459,1161,1149,952,10929652,9802583,2891083,9414,8531,3037,34,"20598,05",0,Geen Data
Bosjes van Pex,238,234,209,2919150,2529845,801428,155,155,138,484520,427961,130350,3126,2761,945,83,79,71,2434630,2101884,671078,29333,26606,9452,1,Afgeschermd,0,Geen Data
Bosweide,674,674,1,Afgeschermd,4519150,Geen Data,386,386,0,1168103,1979835,Geen Data,Geen Data,5129,Geen Data,288,288,1,Afgeschermd,2539315,Afgeschermd,Afgeschermd,8817,Afgeschermd,5,Afgeschermd,0,Geen Data
Burgen en Horsten,3890,3859,3303,22990840,20657821,6068947,3130,3124,2805,8076695,7757119,1966289,2580,2483,701,760,735,498,14914145,12900702,4102658,19624,17552,8238,35,20332,0,Geen Data
Componistenbuurt,1242,1237,1058,6080604,4854870,1806871,900,898,824,3240919,2295394,1059908,3601,2556,1286,342,339,234,2839685,2559476,746963,8303,7550,3192,4,Afgeschermd,0,Geen Data
De Bras,1874,1872,27,5389801,8795612,112579,1311,1310,15,3018182,5010341,34877,2302,3825,2325,563,562,12,2371619,3785271,77702,4212,6735,6475,5,Afgeschermd,0,Geen Data
De Lanen,1597,1588,1568,7845249,7412473,1950500,1179,1172,1173,4972669,4569994,1278861,4218,3899,1090,418,416,395,2872580,2842479,671639,6872,6833,1700,3,Afgeschermd,0,Geen Data
De Reef,7,7,1,Afgeschermd,Afgeschermd,Geen Data,1,1,0,Afgeschermd,Afgeschermd,Geen Data,Afgeschermd,Afgeschermd,Geen Data,6,6,1,Afgeschermd,1435735,Afgeschermd,Afgeschermd,239289,Afgeschermd,0,Geen Data,0,Geen Data
De Rivieren,319,296,254,33075575,44320439,3891301,45,38,40,498775,474173,123041,11084,12478,3076,274,258,214,32576800,43846266,3768260,118893,169947,17609,1,Afgeschermd,0,Geen Data
De Uithof,642,638,596,6145497,7742210,886288,561,559,529,1292088,1587971,199542,2303,2841,377,81,79,67,4853409,6154239,686746,59919,77902,10250,0,Geen Data,1,Afgeschermd
De Velden,1577,1573,1539,13038684,15938842,2042004,1168,1166,1163,4936743,4423122,1307360,4227,3793,1124,409,407,376,8101941,11515720,734644,19809,28294,1954,14,16269,0,Geen Data
De Venen,347,345,4,Afgeschermd,3629145,Afgeschermd,249,248,1,Afgeschermd,973234,Afgeschermd,Afgeschermd,3924,Afgeschermd,98,97,3,Afgeschermd,2655911,Afgeschermd,Afgeschermd,27381,Afgeschermd,0,Geen Data,0,Geen Data
De Vissen,3004,2999,2959,15700807,15295036,3750975,2271,2269,2265,9934718,8975198,2606377,4375,3956,1151,733,730,694,5766089,6319838,1144598,7866,8657,1649,14,"10442,25",0,Geen Data
Dreven en Gaarden,4603,4569,4036,22374491,17686505,6707558,3757,3732,3414,12573264,8800216,4146706,3347,2358,1215,846,837,622,9801227,8886289,2560852,11585,10617,4117,1,Afgeschermd,2,Afgeschermd
Duindorp,2691,2682,2071,10766883,10141922,2687162,2279,2272,1799,7678790,6560310,2139442,3369,2887,1189,412,410,272,3088093,3581612,547720,7495,8736,2014,8,"6311,25",1,Afgeschermd
Duinzigt,1483,1441,1143,14863076,10947920,4721238,975,950,755,4118683,2605295,1450314,4224,2742,1921,508,491,388,10744393,8342625,3270924,21150,16991,8430,1,Afgeschermd,0,Geen Data
Duttendel,657,647,564,20804560,21696127,4496542,368,366,334,2083914,1525053,665243,5663,4167,1992,289,281,230,18720646,20171074,3831299,64777,71783,16658,10,"10880,85",0,Geen Data
Erasmus Veld,712,711,555,6125617,6570540,1263482,484,484,368,1802424,1743627,434654,3724,3603,1181,228,227,187,4323193,4826913,828828,18961,21264,4432,54,59070,0,Geen Data
Eykenduinen,1436,1433,1370,7181680,4827060,2434671,1005,1005,989,4184279,2482320,1527927,4163,2470,1545,431,428,381,2997401,2344740,906744,6955,5478,2380,9,"4195,6",0,Geen Data
Geuzenkwartier,2324,2314,2264,11057369,7477231,3733597,1811,1803,1771,7099618,4613764,2459268,3920,2559,1389,513,511,493,3957751,2863467,1274329,7715,5604,2585,18,"13442,75",0,Geen Data
Groente- en Fruitmarkt,1876,1865,1794,20358272,23418184,3675024,1321,1316,1290,5526392,3950865,1795158,4183,3002,1392,555,549,504,14831880,19467319,1879866,26724,35460,3730,2,Afgeschermd,1,Afgeschermd
Haagse Bos,232,228,64,6042948,8911291,441172,173,171,43,281123,289589,61947,1625,1694,1441,59,57,21,5761825,8621702,379225,97658,151258,18058,1,Afgeschermd,0,Geen Data
Heesterbuurt,3661,3648,3508,15378571,10374745,5200827,2825,2816,2761,10601131,6489716,3804606,3753,2305,1378,836,832,747,4777440,3885029,1396221,5715,4670,1869,5,Afgeschermd,0,Geen Data
Hoge Veld,2573,2565,350,17935608,13525708,5592944,1884,1882,239,4268808,6235038,331537,2266,3313,1387,689,683,111,13666800,7290670,5261407,19836,10674,47400,1,Afgeschermd,1,Afgeschermd
Houtwijk,5609,5595,5193,28844167,25888607,7623533,4382,4379,4158,17464388,13447677,5354078,3985,3071,1288,1227,1216,1035,11379779,12440930,2269455,9274,10231,2193,66,"32747,1",0,Geen Data
Huygenspark,2779,2755,2408,22226721,22996085,4864624,2072,2057,1839,6904157,5046653,2205973,3332,2453,1200,707,698,569,15322564,17949432,2658651,21673,25716,4672,1,Afgeschermd,1,Afgeschermd
Kampen,1666,1657,1316,9305512,7605366,2706936,1356,1355,1102,3494636,2940357,988666,2577,2170,897,310,302,214,5810876,4665009,1718270,18745,15447,8029,5,Afgeschermd,1,Afgeschermd
Kerketuinen en Zichtenburg,280,264,244,21233046,25845538,3361898,35,33,26,263018,216493,76004,7515,6560,2923,245,231,218,20970028,25629045,3285894,85592,110948,15073,1,Afgeschermd,0,Geen Data
Kijkduin,893,885,732,8862377,8421643,2187420,587,586,488,2668102,2213224,765337,4545,3777,1568,306,299,244,6194275,6208419,1422083,20243,20764,5828,10,"10395,5",0,Geen Data
Kom Loosduinen,2868,2833,2605,14307417,12159430,4007502,2348,2323,2198,7518807,5663939,2346676,3202,2438,1068,520,510,407,6788610,6495491,1660826,13055,12736,4081,6,3281,0,Geen Data
Koningsplein en omgeving,3549,3462,3296,19856084,13576864,6654907,2394,2331,2235,10574493,6361866,3832018,4417,2729,1715,1155,1131,1061,9281591,7214998,2822889,8036,6379,2661,27,"19061,25",0,Geen Data
Kortenbos,4538,4482,3558,40825865,46728380,7447259,3138,3115,2538,9740942,8006109,2818729,3104,2570,1111,1400,1367,1020,31084923,38722271,4628530,22204,28326,4538,0,Geen Data,1,Afgeschermd
Kraayenstein,2312,2293,1885,20775903,14764402,6778037,1711,1707,1377,5639261,5548544,1329000,3296,3250,965,601,586,508,15136642,9215858,5449037,25186,15727,10726,10,10506,0,Geen Data
Laakhaven-Oost,1696,1685,1253,15558277,21168501,1724079,1416,1408,1099,4072988,3467435,1138877,2876,2463,1036,280,277,154,11485289,17701066,585202,41019,63903,3800,0,Geen Data,0,Geen Data
Laakhaven-West,2041,2024,1877,22929896,29821016,2997470,1613,1606,1587,4449075,4088215,1144398,2758,2546,721,428,418,290,18480821,25732801,1853072,43179,61562,6390,4,Afgeschermd,0,Geen Data
Laakkwartier-Oost,5123,5104,4943,21440639,14301312,7304980,3928,3918,3838,15148726,9438477,5382036,3857,2409,1402,1195,1186,1105,6291913,4862835,1922944,5265,4100,1740,3,Afgeschermd,0,Geen Data
Laakkwartier-West,3489,3473,3371,16640696,11983019,5376806,2641,2632,2593,10614031,6669744,3752181,4019,2534,1447,848,841,778,6026665,5313275,1624625,7107,6318,2088,5,Afgeschermd,0,Geen Data
Lage Veld,1657,1655,1626,7147085,6687372,1798615,1337,1337,1331,5346556,4812978,1408370,3999,3600,1058,320,318,295,1800529,1874394,390245,5627,5894,1323,221,"76889,3",0,Geen Data
Landen,2991,2973,2746,16966909,15365181,4439018,2549,2542,2403,7259531,5673473,2197855,2848,2232,915,442,431,343,9707378,9691708,2241163,21962,22487,6534,9,"5257,25",0,Geen Data
Leyenburg,8100,8072,7272,42102340,39166686,10670784,6451,6442,6093,20909535,16493419,6280010,3241,2560,1031,1649,1630,1179,21192805,22673267,4390774,12852,13910,3724,33,"201073,65",0,Geen Data
Marlot,302,300,288,4957350,3488436,1628749,167,166,161,1586707,803044,625231,9501,4838,3883,135,134,127,3370643,2685392,1003518,24968,20040,7902,4,Afgeschermd,0,Geen Data
Moerwijk-Noord,3197,3182,3064,15319217,10802989,5025536,2627,2618,2563,9077026,6007029,3108359,3455,2295,1213,570,564,501,6242191,4795960,1917177,10951,8503,3827,0,Geen Data,0,Geen Data
Moerwijk-Oost,1621,1610,1373,6466552,5184064,1914581,1401,1394,1225,3838101,2749592,1244855,2740,1972,1016,220,216,148,2628451,2434472,669726,11948,11271,4525,0,Geen Data,0,Geen Data
Moerwijk-West,3199,3182,3026,11575740,8555611,3667376,2742,2729,2679,8573732,5607809,2957935,3127,2055,1104,457,453,347,3002008,2947802,709441,6569,6507,2044,0,Geen Data,0,Geen Data
Moerwijk-Zuid,2200,2189,2074,8129157,6027135,2569184,1830,1821,1796,5145766,3434332,1752534,2812,1886,976,370,368,278,2983391,2592803,816650,8063,7046,2938,1,Afgeschermd,0,Geen Data
Morgenstond-Oost,3315,3302,3029,14836686,13304112,3925427,2693,2683,2581,7900781,5302879,2680945,2934,1976,1039,622,619,448,6935905,8001233,1244482,11151,12926,2778,2,Afgeschermd,0,Geen Data
Morgenstond-West,3138,3110,2820,15265165,15052326,3586681,2500,2486,2326,7532964,6132809,2199217,3013,2467,945,638,624,494,7732201,8919517,1387464,12119,14294,2809,12,"5504,6",0,Geen Data
Morgenstond-Zuid,3293,3271,3101,13730584,11797885,3803276,2656,2639,2605,7947962,5306479,2706258,2992,2011,1039,637,632,496,5782622,6491406,1097018,9078,10271,2212,0,Geen Data,0,Geen Data
Morgenweide,2818,2818,1,Afgeschermd,17981920,Geen Data,2107,2107,1,Afgeschermd,7177463,Afgeschermd,Afgeschermd,3406,Afgeschermd,711,711,0,6374630,10804457,Geen Data,Geen Data,15196,Geen Data,3,Afgeschermd,0,Geen Data
Nassaubuurt,826,813,717,17605969,21538648,2751779,451,446,388,2685206,1538245,998675,5954,3449,2574,375,367,329,14920763,20000403,1753104,39789,54497,5329,11,"8085,2",0,Geen Data
Nieuw Waldeck,3460,3450,3300,15012648,11233257,4710689,2917,2915,2867,11149509,7822018,3671078,3822,2683,1280,543,535,433,3863139,3411239,1039611,7114,6376,2401,9,"5912,6",0,Geen Data
Noordpolderbuurt,3606,3585,3259,16271989,12407013,5029130,2852,2842,2602,9763329,6694460,3266066,3423,2356,1255,754,743,657,6508660,5712553,1763064,8632,7688,2684,1,Afgeschermd,0,Geen Data
Ockenburgh,250,249,230,8411321,7660743,2186226,140,140,136,931798,688887,295143,6656,4921,2170,110,109,94,7479523,6971856,1891083,67996,63962,20118,5,Afgeschermd,0,Geen Data
Oostbroek-Noord,2160,2152,2074,9662472,6749670,3191105,1590,1587,1565,6351263,3903272,2274344,3995,2460,1453,570,565,509,3311209,2846398,916761,5809,5038,1801,1,Afgeschermd,0,Geen Data
Oostbroek-Zuid,3390,3366,3267,15908528,11009704,5288091,2467,2454,2421,9886749,6020748,3558712,4008,2453,1470,923,912,846,6021779,4988956,1729379,6524,5470,2044,2,Afgeschermd,0,Geen Data
Oostduinen,7,5,6,Afgeschermd,Afgeschermd,Afgeschermd,2,1,2,Afgeschermd,Afgeschermd,Afgeschermd,Afgeschermd,Afgeschermd,Afgeschermd,5,4,4,Afgeschermd,Afgeschermd,Afgeschermd,Afgeschermd,Afgeschermd,Afgeschermd,0,Geen Data,1,Afgeschermd
Oud Scheveningen,1676,1666,1541,10310285,9296602,2710837,1244,1241,1168,4678536,3025611,1625520,3761,2438,1392,432,425,373,5631749,6270991,1085317,13036,14755,2910,3,Afgeschermd,0,Geen Data
Parkbuurt oosteinde,1246,1245,1218,6637788,6023149,1732657,849,849,841,4228800,3739886,1136105,4981,4405,1351,397,396,377,2408988,2283263,596552,6068,5766,1582,6,"5360,1",0,Geen Data
Rietbuurt,863,860,836,4480362,4290969,1094770,629,628,618,2494964,2019166,732391,3967,3215,1185,234,232,218,1985398,2271803,362379,8485,9792,1662,2,Afgeschermd,0,Geen Data
Rijslag,761,751,710,8414545,7525717,2232793,501,499,483,2434166,1516517,864843,4859,3039,1791,260,252,227,5980379,6009200,1367950,23001,23846,6026,9,"9747,8",0,Geen Data
Rivierenbuurt-Noord,1750,1732,1232,33654472,49401595,2532321,1184,1175,895,3704382,2869992,1129824,3129,2443,1262,566,557,337,29950090,46531603,1402497,52915,83540,4162,3,Afgeschermd,1,Afgeschermd
Rivierenbuurt-Zuid,386,379,361,8098011,10077049,1209299,296,292,285,1103662,680659,394423,3729,2331,1384,90,87,76,6994349,9396390,814876,77715,108004,10722,0,Geen Data,0,Geen Data
Rond de Energiecentrale,2815,2770,2420,30708286,24973290,8974183,2062,2033,1792,7110540,5046860,2321850,3448,2482,1296,753,737,628,23597746,19926430,6652333,31338,27037,10593,5,Afgeschermd,2,Afgeschermd
Rosenburg,1584,1572,1443,13214272,14176450,2724813,1240,1235,1181,4223644,2892690,1414021,3406,2342,1197,344,337,262,8990628,11283760,1310792,26136,33483,5003,2,Afgeschermd,0,Geen Data
Rustenburg,2936,2920,2861,12865481,9320546,4138404,2366,2354,2341,9020758,5633886,3200430,3813,2393,1367,570,566,520,3844723,3686660,937974,6745,6514,1804,2,Afgeschermd,0,Geen Data
Scheveningen Badplaats,3256,3208,2918,26600371,24489107,6826853,2314,2294,2120,9384749,6130902,3240178,4056,2673,1528,942,914,798,17215622,18358205,3586675,18276,20086,4495,18,"13273,6",0,Geen Data
Schildersbuurt-Noord,4267,4204,3738,18927644,15502343,5495091,3498,3491,3165,11095106,8602977,3381657,3172,2464,1068,769,713,573,7832538,6899366,2113434,10185,9677,3688,1,Afgeschermd,0,Geen Data
Schildersbuurt-Oost,2710,2698,2533,11359113,8999941,3398398,2244,2237,2161,7914593,5958857,2471274,3527,2664,1144,466,461,372,3444520,3041084,927124,7392,6597,2492,1,Afgeschermd,0,Geen Data
Schildersbuurt-West,5979,5943,5684,27207014,21552777,8140941,4724,4702,4653,16547276,11393123,5519850,3503,2423,1186,1255,1241,1031,10659738,10159654,2621091,8494,8187,2542,3,Afgeschermd,1,Afgeschermd
Singels,2003,2002,1032,7853577,9341237,1315869,1528,1528,817,5225677,5795042,1014945,3420,3793,1242,475,474,215,2627900,3546195,300924,5532,7481,1400,6,8721,0,Geen Data
Spoorwijk,1512,1506,842,7419717,8157084,1464628,1254,1250,717,4274902,4242640,995362,3409,3394,1388,258,256,125,3144815,3914444,469266,12189,15291,3754,1,Afgeschermd,0,Geen Data
Stadhoudersplantsoen,1219,1202,1121,8356545,7337459,2262609,880,873,844,3548102,2207791,1261520,4032,2529,1495,339,329,277,4808443,5129668,1001089,14184,15592,3614,4,Afgeschermd,0,Geen Data
Statenkwartier,4864,4778,4566,43736763,34809466,13033246,3011,2962,2864,17233905,9364755,6577921,5724,3162,2297,1853,1816,1702,26502858,25444711,6455325,14303,14011,3793,68,"62651,8",0,Geen Data
Sweelinckplein en omgeving,2760,2703,2508,18761352,12389719,6433381,1720,1687,1551,8578660,4868246,3205840,4988,2886,2067,1040,1016,957,10182692,7521473,3227541,9791,7403,3373,18,"9758,85",0,Geen Data
Tedingerbuurt,6,5,2,Afgeschermd,Afgeschermd,Geen Data,1,1,0,Afgeschermd,Afgeschermd,Geen Data,Afgeschermd,Afgeschermd,Geen Data,5,4,2,Afgeschermd,Afgeschermd,Afgeschermd,Afgeschermd,Afgeschermd,Afgeschermd,0,Geen Data,1,Afgeschermd
Transvaalkwartier-Midden,1834,1812,1565,10027478,9017010,2644630,1356,1346,1220,4827157,3526487,1542994,3560,2620,1265,478,466,345,5200321,5490523,1101636,10879,11782,3193,2,Afgeschermd,0,Geen Data
Transvaalkwartier-Noord,1761,1737,1654,7587301,5936688,2294750,1409,1392,1380,4706654,3121947,1609385,3340,2243,1166,352,345,274,2880647,2814741,685365,8184,8159,2501,1,Afgeschermd,0,Geen Data
Transvaalkwartier-Zuid,2571,2551,2440,13788337,12248544,3686346,1839,1830,1793,6786952,4721711,2247833,3691,2580,1254,732,721,647,7001385,7526833,1438513,9565,10439,2223,4,Afgeschermd,0,Geen Data
Uilebomen,1691,1673,908,52563634,79255645,3260002,1185,1180,667,3500953,4276959,549184,2954,3625,823,506,493,241,49062681,74978686,2710818,96962,152087,11248,0,Geen Data,1,Afgeschermd
Uilennest,1389,1383,1193,9147846,7425497,2677979,918,918,865,3239949,2588038,962363,3529,2819,1113,471,465,328,5907897,4837459,1715616,12543,10403,5231,4,Afgeschermd,0,Geen Data
Valkenboskwartier,5546,5460,5221,29110114,20000556,9724599,3874,3816,3655,16409926,9852396,5953378,4236,2582,1629,1672,1644,1566,12700188,10148160,3771221,7596,6173,2408,31,"21582,35",0,Geen Data
Van Hoytemastraat en omgeving,1110,1107,1070,8485124,6137729,2732508,647,645,628,3699974,2100494,1382406,5719,3257,2201,463,462,442,4785150,4037235,1350102,10335,8739,3055,9,"7770,7",0,Geen Data
Van Stolkpark en Scheveningse Bosjes,405,402,344,6880485,5642836,1995063,210,210,163,1223449,766761,433180,5826,3651,2658,195,192,181,5657036,4876075,1561883,29010,25396,8629,3,Afgeschermd,0,Geen Data
"Venen, Oorden en Raden",3834,3818,3436,18764486,15293935,5472508,3152,3145,2931,10380336,7387505,3382982,3293,2349,1154,682,673,505,8384150,7906430,2089526,12293,11748,4138,9,"10239,1",0,Geen Data
Visserijbuurt,2099,2070,1833,13552668,10639384,4087321,1534,1520,1340,5679516,3952443,1880660,3702,2600,1403,565,550,493,7873152,6686941,2206661,13935,12158,4476,12,"9329,6",0,Geen Data
Vissershaven,1850,1827,1663,21282245,24434069,3857384,1286,1284,1210,4683644,3257311,1551590,3642,2537,1282,564,543,453,16598601,21176758,2305794,29430,39000,5090,4,Afgeschermd,1,Afgeschermd
Vliegeniersbuurt,113,112,97,23376003,19327749,6726197,25,24,19,144746,181261,21237,5790,7553,1118,88,88,78,23231257,19146488,6704960,263992,217574,85961,0,Geen Data,0,Geen Data
Vlietbuurt,255,246,196,5583821,6280859,1055120,90,87,65,452630,338014,142248,5029,3885,2188,165,159,131,5131191,5942845,912872,31098,37376,6968,1,Afgeschermd,0,Geen Data
Vogelwijk,2097,2088,2063,25893344,24371592,6468598,1196,1193,1188,8581870,4727750,3254212,7175,3963,2739,901,895,875,17311474,19643842,3214386,19214,21948,3674,52,"30807,4",0,Geen Data
Voorhout,2235,2149,1786,56475100,76213826,6465698,1034,1009,894,4760017,3535487,1502292,4603,3504,1680,1201,1140,892,51715083,72678339,4963406,43060,63753,5564,1,Afgeschermd,0,Geen Data
Vruchtenbuurt,3346,3330,3229,18329190,12236886,6241251,2283,2273,2234,10887146,6428093,3985714,4769,2828,1784,1063,1057,995,7442044,5808793,2255537,7001,5496,2267,36,"19118,2",0,Geen Data
Waalsdorp,1750,1742,1605,31511887,33664216,6544944,1128,1124,1037,6836174,3964366,2526516,6060,3527,2436,622,618,568,24675713,29699850,4018428,39672,48058,7075,20,11696,0,Geen Data
Waldeck-Noord,2349,2324,1579,9396720,8275242,2536139,1865,1864,1316,3264350,4371138,385044,1750,2345,293,484,460,263,6132370,3904104,2151095,12670,8487,8179,2,Afgeschermd,1,Afgeschermd
Waldeck-Zuid,1326,1322,1085,5523107,4718394,1538907,1115,1113,966,2619549,2925492,501971,2349,2628,520,211,209,119,2903558,1792902,1036936,13761,8578,8714,1,Afgeschermd,0,Geen Data
Waterbuurt,1772,1771,151,5633355,7727503,603443,1316,1316,86,3098905,4610761,212672,2355,3504,2473,456,455,65,2534450,3116742,390771,5558,6850,6012,5,Afgeschermd,0,Geen Data
Westbroekpark,441,435,384,6307659,5251302,1803029,271,269,232,1397947,927376,477975,5158,3447,2060,170,166,152,4909712,4323926,1325054,28881,26048,8717,5,Afgeschermd,0,Geen Data
Westvliet,71,69,57,6070957,7100976,1056956,22,21,17,136378,89733,46874,6199,4273,2757,49,48,40,5934579,7011243,1010082,121114,146068,25252,0,Geen Data,0,Geen Data
Willemspark,1314,1290,972,15681668,17648666,2960087,812,803,601,2649467,2148338,776375,3263,2675,1292,502,487,371,13032201,15500328,2183712,25961,31828,5886,1,Afgeschermd,0,Geen Data
Zeeheldenkwartier,5876,5753,5233,40185131,34464261,11152369,3957,3894,3628,15962852,10536832,5475349,4034,2706,1509,1919,1859,1605,24222279,23927429,5677020,12622,12871,3537,19,35445,0,Geen Data
"Zijden, Steden en Zichten",3645,3622,3260,19177932,17146061,5090874,2965,2957,2770,9393759,7026175,2948492,3168,2376,1064,680,665,490,9784173,10119886,2142382,14388,15218,4372,7,"4424,25",0,Geen Data
Zonne Veld,1157,1155,1132,7334491,7626704,1592548,874,873,869,3921960,3442750,1062212,4487,3944,1222,283,282,263,3412531,4183954,530336,12058,14837,2016,359,"122503,7",0,Geen Data
Zorgvliet,358,349,323,28206563,33123729,4867170,178,176,164,953081,655670,318110,5354,3725,1940,180,173,159,27253482,32468059,4549060,151408,187677,28610,1,Afgeschermd,0,Geen Data
Zuiderpark,148,145,137,3397628,3880822,622440,109,106,108,231478,186522,68219,2124,1760,632,39,39,29,3166150,3694300,554221,81183,94726,19111,0,Geen Data,0,Geen Data
Zuidwal,4520,4424,3534,46217286,59046632,6393131,3099,3047,2504,9181043,7929663,2529518,2963,2602,1010,1421,1377,1030,37036243,51116969,3863613,26064,37122,3751,5,Afgeschermd,0,Geen Data